PondID,pH,Salinity,Carbonate,BiCarbonate,Alkalinity,Hardness,Calcium,Magnesium,Ammonia,DateofReport,Coincidence,Date of Image,B1,B10,B11,B12,B2,B3,B4,B5,B6,B7,B8,B8A,B9
TUPILIPALEM_A2,8.4,35,30,120,150,6300,388,1296,0,7/14/2022,0,7/14/2022,1461,42,980,612,1253,1154,919,1025,1059,1171,920,1188,165
TUPILIPALEM_A3,8.7,38,40,120,160,6800,472,1471,0,7/14/2022,0,7/14/2022,1433,23,713,484,1179,1065,794,854,918,1042,737,993,131
TUPILIPALEM_A4,8.7,39,40,110,150,6960,482,1488,0,7/14/2022,0,7/14/2022,1478,15,623,432,1114,969,708,779,727,825,641,897,170
TUPILIPALEM_A5,8.7,40,40,120,160,7100,488,1491,0,7/14/2022,0,7/14/2022,1497,21,725,524,1127,950,798,734,844,963,614,952,157
TUPILIPALEM_B2,8.6,36,50,110,160,6200,378,1302,0,7/14/2022,0,7/14/2022,1511,30,1179,710,1236,1162,1108,1114,1217,1268,828,1254,169
TUPILIPALEM_B3,8.6,38,40,110,150,6700,384,1441,0,7/14/2022,0,7/14/2022,1485,30,852,555,1143,1140,811,1048,954,1077,771,1134,146
TUPILIPALEM_B4,8.6,37,30,90,140,4500,354,1402,0,7/14/2022,0,7/14/2022,1497,26,789,481,1187,1055,809,926,862,923,711,942,160
TUPILIPALEM_B5,8.5,40,30,90,140,6980,476,1502,0,7/14/2022,0,7/14/2022,1489,31,956,695,1205,1091,811,920,1004,1072,823,1084,175
TUPILIPALEM_A2,8.5,40,40,130,170,7040,426,1568,0.05,,1,8/23/2022,1703,50,1409,976,1379,1385,1214,1472,1436,1593,961,1602,250
TUPILIPALEM_A3,8.6,37,40,140,180,6460,386,1502,0.02,,1,8/23/2022,1705,44,1209,893,1370,1425,1127,1394,1353,1319,944,1310,251
TUPILIPALEM_A4,8.5,36,30,140,170,6300,374,1466,0.02,,1,8/23/2022,1693,47,1096,794,1361,1420,1089,1256,1076,1034,879,1031,261
TUPILIPALEM_A5,8.2,40,20,180,200,7068,432,1571,0.01,,1,8/23/2022,1696,52,922,642,1359,1266,1060,1028,956,990,906,978,259
TUPILIPALEM_B1,8.4,30,30,130,160,5500,324,1228,0.03,,1,8/23/2022,1725,44,1040,728,1308,1172,957,1167,1097,1207,886,1199,268
TUPILIPALEM_B2,8.5,40,40,130,170,7100,440,1552,0.02,,1,8/23/2022,1711,44,1541,1048,1405,1517,1381,1415,1283,1603,1117,1626,233
TUPILIPALEM_B3,8.6,43,40,160,200,7600,468,1588,0.02,,1,8/23/2022,1740,44,1279,959,1346,1312,1118,1438,1430,1575,973,1563,256
TUPILIPALEM_B4,8.6,40,50,130,170,7060,438,1561,0.02,,1,8/23/2022,1753,45,1223,943,1417,1440,1137,1444,1355,1326,998,1325,267
TUPILIPALEM_B5,8.6,40,50,130,170,7080,428,1546,0.01,,1,8/23/2022,1739,50,1364,942,1394,1228,1040,1194,1198,1518,1010,1542,265
TUPILIPALEM_B7,8.4,36,30,130,160,5660,328,1226,0.01,,1,8/23/2022,1760,56,1074,696,1394,1341,1137,1169,1064,1283,1025,1275,289
TUPILIPALEM_B8,8.4,35,30,120,150,5400,312,1226,0.01,,1,8/23/2022,1759,65,1225,881,1382,1316,1102,1173,1147,1184,990,1232,313
TUPILIPALEM_A1,8.3,38,30,140,170,6500,400,1521,0.02,,1,8/23/2022,1751,49,1870,1183,1579,1585,1616,1761,1956,2102,1827,2202,264
TUPILIPALEM_A6,8.4,38,30,150,180,6800,400,1532,0.01,,1,8/23/2022,1697,61,1034,688,1369,1264,1067,1151,1180,1255,907,1295,263
TUPILIPALEM_A7,8.4,37,30,170,200,6600,388,1506,0.01,,1,8/23/2022,1713,61,1261,926,1506,1450,1398,1281,1323,1497,1424,1497,284
TUPILIPALEM_A8,8.5,37,30,190,220,6660,386,1512,0.01,,1,8/23/2022,1760,70,1333,969,1349,1219,1072,1236,1279,1395,981,1406,321
TUPILIPALEM_A2,8.5,40,40,130,170,7040,426,1568,0.05,,1,8/28/2022,1656,8,996,618,1354,1329,1009,1276,1187,1280,773,1194,129
TUPILIPALEM_A3,8.6,37,40,140,180,6460,386,1502,0.02,,1,8/28/2022,1665,6,801,564,1325,1327,971,1143,1164,1335,770,1217,116
TUPILIPALEM_A4,8.5,36,30,140,170,6300,374,1466,0.02,,1,8/28/2022,1670,7,590,478,1378,1380,1068,1061,923,958,750,803,134
TUPILIPALEM_A5,8.2,40,20,180,200,7060,432,1571,0.01,,1,8/28/2022,1655,6,508,304,1344,1297,1004,910,800,955,724,888,123
TUPILIPALEM_B1,8,30,0,200,200,5600,328,1232,0.02,,1,8/28/2022,1672,8,639,454,1320,1195,945,1090,1003,1026,760,900,145
TUPILIPALEM_B2,8.7,40,50,110,160,7200,442,1571,0.01,,1,8/28/2022,1619,6,908,570,1340,1340,1020,1195,1050,1210,857,1263,104
TUPILIPALEM_B3,8.6,41,40,120,160,7400,456,1588,0.01,,1,8/28/2022,1637,7,901,624,1327,1306,963,1286,1235,1283,745,1169,121
TUPILIPALEM_B4,8.7,40,50,100,150,7100,436,1556,0.1,,1,8/28/2022,1664,7,712,564,1321,1355,994,1190,1111,1149,765,963,122
TUPILIPALEM_B5,8.6,40,50,120,160,7080,438,1562,0,,1,8/28/2022,1654,8,944,558,1306,1241,945,1094,1009,1217,695,1329,122
TUPILIPALEM_B6,8.3,33,30,150,180,5800,352,1261,0,,1,8/28/2022,1666,6,831,501,1316,1182,919,1154,1005,1084,691,1091,113
TUPILIPALEM_B7,8.3,35,20,160,180,6020,378,1324,0,,1,8/28/2022,1660,7,621,365,1346,1327,1058,1053,861,891,777,822,115
TUPILIPALEM_B8,8.3,31,20,200,220,5400,336,1242,0,,1,8/28/2022,1653,7,541,401,1310,1184,913,876,863,930,736,859,128
TUPILIPALEM_A1,8.3,38,30,140,170,6500,400,1521,0.02,,1,8/28/2022,1721,8,1870,1076,1569,1604,1591,1758,2016,2267,1910,2341,161
TUPILIPALEM_A6,8.4,38,20,150,180,6800,400,1532,0.01,,1,8/28/2022,1653,6,645,389,1324,1251,920,1042,994,1027,741,903,111
TUPILIPALEM_A7,8.4,37,30,170,200,6600,388,1506,0.01,,1,8/28/2022,1644,7,939,546,1375,1338,1128,1094,1140,1375,1072,1383,112
TUPILIPALEM_A8,8.5,37,30,190,220,6660,386,1512,0.01,,1,8/28/2022,1633,7,768,426,1288,1188,894,966,988,1178,695,1161,118
TUPILIPALEM_A3,8.6,35,40,130,170,6200,336,1412,0.04,,0,9/12/2022,1527,141,1012,697,1179,1159,804,1233,1127,1189,856,1229,304
TUPILIPALEM_A4,8.5,35,40,120,160,6260,332,1428,0.03,,0,9/12/2022,1578,147,929,531,1192,1223,859,1071,897,901,818,1023,331
TUPILIPALEM_A5,8.4,40,30,130,160,7200,460,1521,0.05,,0,9/12/2022,1550,148,783,532,1161,1031,817,893,796,925,781,887,312
TUPILIPALEM_A2,7.9,40,0,180,180,7200,458,1516,0.05,,0,9/12/2022,1521,140,1080,807,1180,1113,842,1248,1261,1296,843,1326,292
TUPILIPALEM_B1,8.5,32,30,130,160,5300,302,1224,0.02,,0,9/12/2022,1548,130,884,615,1162,1075,853,1125,1034,1009,784,1082,302
TUPILIPALEM_B2,8.4,40,30,140,170,7280,466,1572,0.04,,0,9/12/2022,1530,135,1137,825,1212,1185,986,1142,1111,1364,903,1312,300
TUPILIPALEM_B3,8.5,41,30,140,170,7500,468,1586,0.02,,0,9/12/2022,1539,141,1055,781,1192,1188,911,1351,1351,1334,802,1455,300
TUPILIPALEM_B4,8.5,37,30,120,150,6400,386,1457,0.05,,0,9/12/2022,1590,145,1043,683,1174,1224,839,1335,1219,1098,830,1243,327
TUPILIPALEM_B5,8.3,37,20,140,160,6460,388,1458,0.01,,0,9/12/2022,1563,150,1051,813,1205,1126,893,1069,1054,1336,762,1177,302
TUPILIPALEM_B6,8.4,34,30,130,160,5880,368,1352,0.01,,0,9/12/2022,1612,153,923,738,1353,1353,1032,1181,1124,1295,835,1193,313
TUPILIPALEM_B7,8.6,35,50,130,170,6200,398,1376,0.01,,0,9/12/2022,1552,154,804,604,1256,1223,923,1004,960,1013,828,964,302
TUPILIPALEM_B8,8.6,33,50,130,180,5880,352,1284,0.02,,0,9/12/2022,1592,153,999,593,1211,1165,902,1058,939,1002,859,1091,327
TUPILIPALEM_A1,8.5,25,30,140,170,6260,330,1421,0.01,,0,9/12/2022,1548,133,911,576,1235,1229,1047,1188,1072,1076,910,1104,292
TUPILIPALEM_A6,8.3,35,20,1150,170,6100,308,1416,0.01,,0,9/12/2022,1543,151,849,603,1268,1253,971,1159,1052,1046,874,1058,293
TUPILIPALEM_A7,8.5,35,30,170,200,6240,328,1421,0.03,,0,9/12/2022,1594,156,1060,786,1345,1316,1197,1290,1231,1430,1237,1316,307
TUPILIPALEM_A8,8.5,35,30,170,200,6060,318,1482,0.02,,0,9/12/2022,1583,154,1070,757,1268,1201,961,1186,1070,1252,867,1123,314
VAVILLAPALEM_A1,7.9,12,0,140,140,3400,324,381,0,,1,12/16/2022,1562,7,329,196,1206,1105,722,937,870,927,634,872,147
VAVILLAPALEM_A2,8.1,10,10,140,150,2700,228,281,0,,1,12/16/2022,1541,6,352,213,1185,1036,690,894,826,823,608,763,125
VAVILLAPALEM_A3,8,11,0,160,160,3060,264,302,0,,1,12/16/2022,1587,6,372,220,1222,1112,739,926,830,921,622,765,151
VAVILLAPALEM_A4,8.2,10,20,150,170,2660,224,271,0.001,,1,12/16/2022,1626,5,471,281,1310,1232,835,1043,957,1086,802,923,162
VAVILLAPALEM_A5,7.9,13,0,150,150,3800,364,392,0.03,,1,12/16/2022,1611,7,510,263,1332,1128,868,988,991,1121,936,977,143
VAVILLAPALEM_A6,7.9,15,0,140,140,4200,640,726,0.06,,1,12/16/2022,1577,5,282,181,1215,1054,750,951,998,1015,876,890,168
VAVILLAPALEM_A7,7.9,14,0,130,130,4060,622,704,0.06,,1,12/16/2022,1546,6,359,196,1150,944,634,853,859,913,658,820,154
VAVILLAPALEM_B1,7.8,9,0,140,140,2500,148,186,0.05,,1,12/16/2022,1557,5,776,413,1260,1183,840,1073,1448,1642,688,1673,120
VAVILLAPALEM_B2,7.8,10,0,140,140,2700,184,222,0.02,,1,12/16/2022,1551,6,527,306,1197,1060,703,982,940,1095,662,915,143
VAVILLAPALEM_B3,8,12,0,120,120,3400,256,364,0.01,,1,12/16/2022,1553,6,453,238,1192,1067,680,918,875,1134,611,891,132
VAVILLAPALEM_B4,8.3,10,20,130,150,2760,188,221,0.04,,1,12/16/2022,1562,6,306,206,1261,1187,795,1001,877,892,683,849,131
VAVILLAPALEM_B7,7.9,14,0,100,100,3500,348,381,0.03,,1,12/16/2022,1548,7,517,338,1179,967,668,951,1273,1249,768,1321,146
VAVILLAPALEM_B8,8,13,0,120,120,3660,288,371,0.02,,1,12/16/2022,1538,7,625,372,1160,995,671,955,1211,1274,816,1181,147
VAVILLAPALEM_B9,7.7,17,0,130,130,4400,424,422,0.06,,1,12/16/2022,1530,7,530,312,1140,935,628,817,927,1153,613,942,138
VAVILLAPALEM_B5,7.8,15,0,130,130,3700,366,401,0.02,,1,12/16/2022,1563,8,391,222,1205,1077,693,970,923,955,692,805,147
VAVILLAPALEM_B6,8,10,0,140,140,2800,188,221,0.05,,1,12/16/2022,1563,6,654,323,1178,990,687,1036,1354,1502,778,1524,149
TUPILIPALEM_B7,8.6,21,40,110,150,4500,424,835,0,2/16/2023,2,2/14/2023,1778,12,4002,3492,1683,1891,2268,2457,2654,2960,2793,3142,682
TUPILIPALEM_B8,8.7,24,50,100,150,4700,360,923,0,2/16/2023,2,2/14/2023,1654,11,1709,1313,1345,1318,1311,1566,1636,1730,1507,1797,503
TUPILIPALEM_A1,7.5,32,0,170,170,6300,368,1106,0.02,4/21/2023,1,4/20/2023,1584,10,1097,666,1376,1321,1296,1437,1501,1639,1483,1574,241
TUPILIPALEM_A6,8.2,31,20,150,170,6200,358,1186,0.06,4/21/2023,1,4/20/2023,1536,10,694,398,1228,1153,874,1068,926,990,668,806,216
TUPILIPALEM_A7,8.2,31,20,150,170,6260,348,1181,0.05,4/21/2023,1,4/20/2023,1534,9,813,558,1251,1198,958,1185,1042,1124,900,1168,206
TUPILIPALEM_A8,8.3,30,30,150,180,6060,340,1164,0.05,4/21/2023,1,4/20/2023,1559,10,848,545,1216,1136,861,1125,916,964,659,989,256
TUPILIPALEM_B1,7.6,28,0,160,160,5600,358,1142,0.07,4/21/2023,1,4/20/2023,1571,11,676,465,1277,1178,938,920,769,812,577,648,262
TUPILIPALEM_B2,8.5,35,30,140,170,6700,400,1266,0.07,4/21/2023,1,4/20/2023,1513,9,1016,788,1220,1176,880,1091,1039,1078,730,1068,189
TUPILIPALEM_B3,8.2,36,20,130,150,6880,424,1271,0.04,4/21/2023,1,4/20/2023,1537,10,899,703,1213,1150,876,1148,1052,1131,633,944,227
TUPILIPALEM_B4,8.4,32,30,140,170,5800,366,1191,0.05,4/21/2023,1,4/20/2023,1563,10,775,559,1220,1141,875,1021,799,848,661,658,260
TUPILIPALEM_B5,8.1,31,10,140,150,5660,358,1178,0.04,4/21/2023,1,4/20/2023,1555,9,791,536,1225,1142,863,1034,962,1001,608,1044,254
TUPILIPALEM_B6,8.3,30,30,150,170,5600,344,1172,0.05,4/21/2023,1,4/20/2023,1541,8,609,441,1261,1243,887,1103,1022,1074,721,946,194
TUPILIPALEM_B7,8.3,30,20,150,170,5600,340,1166,0.05,4/21/2023,1,4/20/2023,1581,9,514,325,1282,1180,930,1059,911,953,775,753,222
TUPILIPALEM_B8,7.5,29,0,160,160,5500,328,1142,0.07,4/21/2023,1,4/20/2023,1589,10,704,449,1391,1288,1088,1019,826,856,712,719,260
TUPILIPALEM_C8,8.4,30,30,150,180,5600,338,1126,0.04,4/21/2023,1,4/20/2023,1552,8,587,371,1242,1165,906,927,758,765,688,634,240
TUPILIPALEM_A3,8.2,27,20,160,180,5300,300,1020,0.04,4/21/2023,1,4/20/2023,1551,9,811,575,1256,1189,912,1198,923,985,731,880,230
TUPILIPALEM_A4,8,30,0,150,150,5800,344,1182,0.04,4/21/2023,1,4/20/2023,1552,10,647,467,1257,1174,875,998,761,769,708,594,266
TUPILIPALEM_A5,7.8,32,0,140,149,6400,366,1202,0.05,4/21/2023,1,4/20/2023,1554,10,423,271,1231,1095,870,871,669,669,624,669,238
TUPILIPALEM_A2,8.2,32,20,130,150,6360,372,1121,0.03,4/21/2023,1,4/20/2023,1543,10,1089,831,1212,1125,826,1147,1057,1140,625,1037,231
VAVILLAPALEM_A1,7.5,22,0,170,170,6400,864,981,0.04,25-04-23,0,4/25/2023,1869,76,1012,721,1548,1403,1232,1351,1298,1406,1173,1355,304
VAVILLAPALEM_A2,7.5,25,0,170,170,7100,924,1071,0.02,25-04-23,0,4/25/2023,1790,75,1037,703,1573,1521,1302,1413,1321,1438,1185,1365,240
VAVILLAPALEM_A3,7.7,20,0,160,160,5500,766,921,0.03,25-04-23,0,4/25/2023,1857,76,1163,818,1582,1519,1346,1495,1401,1549,1259,1494,289
VAVILLAPALEM_A4,7.6,20,0,150,150,5700,788,942,0.04,25-04-23,0,4/25/2023,1906,76,1138,794,1560,1500,1305,1498,1456,1627,1346,1507,317
VAVILLAPALEM_A5,7.6,20,0,160,160,5800,800,952,0.02,25-04-23,0,4/25/2023,1808,77,1021,638,1500,1364,1141,1328,1281,1444,1144,1351,258
VAVILLAPALEM_A6,7.8,17,0,150,150,4800,578,686,0.02,25-04-23,0,4/25/2023,1813,76,927,678,1516,1381,1145,1297,1296,1401,1167,1238,283
VAVILLAPALEM_A7,7.7,16,0,160,160,4660,544,671,0.01,25-04-23,0,4/25/2023,1868,77,1166,746,1502,1364,1160,1324,1301,1480,1114,1360,313
VAVILLAPALEM_B2,7.7,20,0,170,170,5600,748,861,0.05,25-04-23,0,4/25/2023,1794,74,1267,782,1518,1429,1201,1421,1353,1541,1118,1591,238
VAVILLAPALEM_B3,7.8,19,0,180,180,5400,732,834,0.03,25-04-23,0,4/25/2023,1800,76,1234,798,1547,1463,1258,1455,1348,1606,1184,1574,249
VAVILLAPALEM_B4,7.7,20,0,170,170,5500,732,866,0.02,25-04-23,0,4/25/2023,1967,77,1292,982,1646,1639,1440,1578,1530,1629,1328,1564,323
VAVILLAPALEM_B7,7.7,20,0,150,150,5700,758,872,0.03,25-04-23,0,4/25/2023,1791,75,1337,1026,1514,1408,1193,1444,1582,1660,1226,1616,263
VAVILLAPALEM_B8,7.8,15,0,160,160,5060,388,452,0.02,25-04-23,0,4/25/2023,1784,75,1412,949,1507,1422,1205,1461,1575,1665,1217,1690,270
VAVILLAPALEM_B9,7.7,15,0,160,160,5100,400,466,0.02,25-04-23,0,4/25/2023,1834,77,1352,843,1490,1361,1148,1418,1430,1653,1129,1682,295
VAVILLAPALEM_A1,7.6,24,0,140,140,6880,900,1042,0.07,22-05-2023,2,5/20/2023,1849,12,1042,620,1493,1358,1138,1350,1346,1463,1152,1361,261
VAVILLAPALEM_A2,8,26,0,160,160,7700,966,1092,0.06,22-05-2023,2,5/20/2023,1777,10,955,593,1497,1369,1119,1305,1313,1431,1095,1289,183
VAVILLAPALEM_A3,7.5,25,0,130,130,7400,932,1042,0.08,22-05-2023,2,5/20/2023,1823,12,1057,644,1486,1345,1147,1340,1385,1501,1123,1356,215
VAVILLAPALEM_A4,8,26,0,180,180,7600,958,1066,0.05,22-05-2023,2,5/20/2023,1871,12,991,642,1505,1347,1134,1329,1368,1467,1161,1357,256
VAVILLAPALEM_A5,8.3,24,30,170,200,7100,932,1081,0.06,22-05-2023,2,5/20/2023,1796,9,977,568,1554,1446,1228,1339,1337,1453,1277,1374,186
VAVILLAPALEM_A6,7.9,22,0,160,160,6400,844,1016,0.06,22-05-2023,2,5/20/2023,1812,10,963,569,1472,1331,1104,1236,1247,1330,1116,1240,212
VAVILLAPALEM_A7,7.5,21,0,150,150,6600,872,1024,0.05,22-05-2023,2,5/20/2023,1836,11,1248,716,1457,1274,1094,1257,1258,1338,1061,1358,245
VAVILLAPALEM_B1,7.5,15,0,130,130,5200,388,461,0.04,22-05-2023,2,5/20/2023,1766,9,1491,947,1450,1274,1073,1353,1491,1673,1052,1845,173
VAVILLAPALEM_B2,8.3,28,30,140,170,5100,700,821,0.04,22-05-2023,2,5/20/2023,1769,9,985,645,1455,1287,1062,1257,1315,1403,981,1262,164
VAVILLAPALEM_B3,8,24,0,150,150,6500,868,942,0.05,22-05-2023,2,5/20/2023,1782,9,1008,649,1483,1347,1099,1313,1334,1439,1063,1340,172
VAVILLAPALEM_B4,7.7,25,0,140,140,6800,900,961,0.08,22-05-2023,2,5/20/2023,1906,12,1358,829,1515,1386,1145,1494,1535,1657,1172,1500,274
VAVILLAPALEM_B7,7.7,25,0,140,140,6700,888,952,0.06,22-05-2023,2,5/20/2023,1774,10,1366,938,1478,1313,1107,1327,1387,1596,1100,1560,180
VAVILLAPALEM_B8,8.2,20,20,160,180,5400,728,871,0.05,22-05-2023,2,5/20/2023,1784,12,1479,951,1465,1276,1128,1347,1513,1725,1133,1555,210
VAVILLAPALEM_B9,7.8,21,0,150,150,5660,744,886,0.04,22-05-2023,2,5/20/2023,1838,11,1451,891,1453,1263,1089,1351,1486,1606,1051,1521,240
VAVILLAPALEM_A1,7.7,25,0,130,130,6700,908,1042,0.06,5/30/2023,0,5/30/2023,2082,182,1566,1038,1746,1601,1475,1634,1775,1924,1637,1899,422
VAVILLAPALEM_A2,7.8,27,0,160,160,7000,944,1102,0.04,5/30/2023,0,5/30/2023,2000,170,1534,993,1776,1589,1477,1574,1707,1853,1561,1861,358
VAVILLAPALEM_A3,8.2,25,20,160,180,6760,918,1032,0.06,5/30/2023,0,5/30/2023,2023,171,1538,1007,1756,1609,1515,1612,1711,1882,1577,1774,367
VAVILLAPALEM_A4,8.1,28,10,160,170,7800,984,1141,0.07,5/30/2023,0,5/30/2023,2045,159,1485,977,1749,1574,1456,1565,1627,1823,1551,1781,376
VAVILLAPALEM_A5,7.7,25,0,150,150,6800,924,1026,0.08,5/30/2023,0,5/30/2023,1989,140,1503,977,1759,1572,1448,1572,1643,1821,1584,1803,342
VAVILLAPALEM_A6,8.2,25,20,160,180,6800,928,1042,0.06,5/30/2023,0,5/30/2023,2003,134,1477,953,1717,1547,1441,1516,1635,1728,1541,1759,368
VAVILLAPALEM_A7,8.3,22,30,170,200,6400,826,1021,0.06,5/30/2023,0,5/30/2023,2043,133,1720,1105,1679,1532,1396,1543,1657,1827,1486,1879,393
VAVILLAPALEM_B1,8,17,0,160,160,5660,424,496,0.04,5/30/2023,0,5/30/2023,2007,163,1839,1241,1742,1563,1442,1610,1842,1975,1516,2144,363
VAVILLAPALEM_B2,7.6,24,0,130,130,6600,874,951,0.05,5/30/2023,0,5/30/2023,1999,156,1496,1026,1740,1541,1415,1537,1627,1835,1469,1761,344
VAVILLAPALEM_B3,7.6,25,0,130,130,7040,924,984,0.07,5/30/2023,0,5/30/2023,1991,156,1521,1059,1731,1590,1445,1630,1705,1884,1569,1815,332
VAVILLAPALEM_B4,7.8,27,0,140,140,7400,948,1086,0.1,5/30/2023,0,5/30/2023,2085,142,1718,1083,1771,1601,1464,1628,1781,1945,1604,1949,381
VAVILLAPALEM_B7,7.9,25,0,150,150,6800,902,966,0.12,5/30/2023,0,5/30/2023,1999,141,1774,1153,1697,1551,1459,1584,1808,1957,1520,2058,355
VAVILLAPALEM_B8,7.6,22,0,140,140,5800,756,871,0.12,5/30/2023,0,5/30/2023,2019,139,1817,1194,1719,1576,1465,1601,1787,2047,1517,2075,368
VAVILLAPALEM_B9,8.2,24,20,150,170,6400,874,954,0.08,5/30/2023,0,5/30/2023,2041,140,1849,1220,1736,1585,1483,1617,1766,2016,1540,1989,371
ANDALAMALA,7.7,30,0,170,170,8200,1126,1212,0.02,4/25/2023,0,4/25/2023,1833,61,821,572,1543,1432,1231,1241,1193,1300,1121,1269,233
ANDALAMALA,7.8,27,0,200,200,7400,1024,1161,0.03,4/25/2023,0,4/25/2023,1834,61,977,659,1558,1413,1217,1285,1281,1389,1142,1336,239
GOVINDAPALLI,8.1,20,10,240,250,4800,360,947,0.02,4/25/2023,0,4/25/2023,1889,73,1071,822,1529,1433,1273,1291,1294,1394,1222,1307,347
KOKKUPADU,7.4,15,0,200,200,3500,340,661,0.03,9/27/2022,0,9/27/2022,1518,10,365,260,1151,1017,713,854,794,873,692,808,111
KOKKUPADU,7.8,10,0,220,220,2500,180,498,0.03,4/20/2023,0,4/20/2023,1580,12,829,512,1264,1106,892,946,864,1003,753,852,303
KOKKUPADU,7.9,10,0,200,200,2600,192,501,0.02,4/20/2023,0,4/20/2023,1550,12,572,338,1246,1060,855,777,825,799,709,739,242
KOKKUPADU,7.8,10,0,250,250,2460,176,482,0.03,4/20/2023,0,4/20/2023,1591,14,610,313,1209,1016,817,778,793,785,756,825,388
KOKKUPADU,8,13,0,280,280,3300,320,607,0.02,4/20/2023,0,4/20/2023,1523,9,778,458,1250,1172,891,1083,1060,1125,857,1096,262
KOKKUPADU,7.9,5,0,300,300,1150,104,216,0.02,4/20/2023,0,4/20/2023,1551,12,450,246,1237,1159,875,1071,862,968,850,770,264
KONDURU,7.7,17,0,180,180,4800,540,842,0.06,4/25/2023,0,4/25/2023,1795,76,892,729,1468,1360,1113,1358,1457,1483,1140,1328,268
mallam,7.6,7,0,200,200,1800,312,264,0.06,9/27/2022,0,9/27/2022,1658,11,489,329,1176,1003,735,921,940,1044,838,863,218
TIRUMURU,8.6,14,40,110,150,2400,144,495,0.03,9/27/2022,0,9/27/2022,1554,9,821,409,1172,983,727,897,932,990,683,1069,147
TIRUMURU,8.2,11,20,150,170,2300,184,424,0.04,9/27/2022,0,9/27/2022,1564,10,512,254,1150,1013,729,864,825,969,670,844,133
TIRUMURU,8.1,10,10,240,250,2100,160,413,0.06,9/27/2022,0,9/27/2022,1562,6,254,156,1193,1140,772,880,745,757,599,698,110
TIRUMURU,8.4,13,30,120,150,2500,224,486,0.04,9/27/2022,0,9/27/2022,1530,7,431,168,1247,1189,858,836,637,723,514,692,84
TIRUMURU,8.3,15,20,150,170,2700,240,510,0.07,9/27/2022,0,9/27/2022,1569,8,447,315,1239,1152,811,747,762,728,609,878,114
TUPILIPALEM,8.3,20,30,150,180,4600,240,1069,0.01,9/27/2022,0,9/27/2022,1508,8,511,304,1170,986,709,912,866,1020,685,852,104
TUPILIPALEM,7.9,10,0,200,200,2360,228,392,0.1,9/27/2022,0,9/27/2022,1633,8,460,350,1270,1117,872,814,696,713,650,624,143
TUPILIPALEM,7.8,20,0,200,200,4400,226,1071,0.03,9/27/2022,0,9/27/2022,1556,8,515,345,1121,923,654,717,700,861,638,709,144
UTTHAMA NELLORE,8.2,12,20,110,130,3780,374,681,0.04,4/25/2023,0,4/25/2023,1863,66,868,596,1558,1367,1197,1277,1362,1473,1261,1334,225
UTTHAMA NELLORE,8.3,12,30,110,120,3600,360,656,0.04,4/25/2023,0,4/25/2023,1863,66,836,542,1546,1351,1165,1278,1302,1429,1241,1335,225
UTTHAMA NELLORE,7.8,11,0,170,170,3400,344,646,0.08,4/25/2023,0,4/25/2023,1898,67,981,661,1608,1461,1292,1378,1341,1445,1294,1359,291
VALAMEDU,8,12,0,180,180,2880,374,422,0.02,9/27/2022,0,9/27/2022,1566,9,798,514,1149,966,717,996,1031,1186,699,1120,141
VALAMEDU,7.8,16,0,200,200,5060,668,871,0.02,9/27/2022,0,9/27/2022,1641,8,412,260,1155,960,731,747,736,785,658,729,152
,,,,,,,,,,,,,,,,,,,,,,,,,
,,,,,,,,,,,,,,,,,,,,,,,,,
,,,,,,,,,,,,,,,,,,,,,,,,,
,,,,,,,,,,,,,,,,,,,,,,,,,
,,,,,,,,,,,,,,,,,,,,,,,,,
,,,,,,,,,,,,,,,,,,,,,,,,,
,,,,,,,,,,,,,,,,,,,,,,,,,
,,,,,,,,,,,,,,,,,,,,,,,,,
,,,,,,,,,,,,,,,,,,,,,,,,,
,,,,,,,,,,,,,,,,,,,,,,,,,
,,,,,,,,,,,,,,,,,,,,,,,,,
,,,,,,,,,,,,,,,,,,,,,,,,,
,,,,,,,,,,,,,,,,,,,,,,,,,
,,,,,,,,,,,,,,,,,,,,,,,,,
,,,,,,,,,,,,,,,,,,,,,,,,,
,,,,,,,,,,,,,,,,,,,,,,,,,
,8.166666667,39.06666667,16.66666667,148,164.6666667,7756,530,1503.733333,0.063333333,,,,,,,,,,,,,,,,
,0.267498702,1.9821425,15.34781924,22.86190427,22.46973273,207.3579835,37.02251567,247.3516974,0.023570226,,,,,,,,,,,,,,,,
,,,,,,,,,,,,,,,,,,,,,,,,,
,8.127096774,26.15483871,16.90322581,157.483871,167.8645161,5573.148387,482.683871,1035.03871,0.034329032,,,,,,,,,,,,,,,,
,0.354930193,10.18230086,16.83191063,86.15510056,28.42467747,1561.700825,238.0935505,406.2028555,0.025695013,,,,,,,,,,,,,,,,
,,,,,,,,,,,,,,,,,,,,,,,,,
TUPILIPALEM_A1,8,35,0,140,140,7400,520,1458,0.04,7/9/2023,0,7/9/2023,1368,7,586,314,1044,971,684,764,613,624,447,617,105
TUPILIPALEM_A6,8.5,40,40,160,200,7900,526,1616,0.08,7/9/2023,0,7/9/2023,1351,8,548,342,910,744,525,707,675,648,533,617,99
TUPILIPALEM_A7,8.1,40,10,170,180,7900,520,1603,0.08,7/9/2023,0,7/9/2023,1343,8,790,610,1044,948,807,1023,945,1194,961,1050,97
TUPILIPALEM_A8,8.2,40,20,150,170,7880,506,1586,0.05,7/9/2023,0,7/9/2023,1376,8,833,616,946,748,573,991,816,1059,572,863,119
TUPILIPALEM_A3,7.9,36,0,170,170,7560,584,1482,0.08,7/9/2023,0,7/9/2023,1329,7,729,461,925,761,560,932,897,1086,538,961,98
TUPILIPALEM_A4,7.7,35,0,160,160,7400,566,1471,0.1,7/9/2023,0,7/9/2023,1348,8,645,306,954,858,599,784,736,744,531,699,125
TUPILIPALEM_A5,8.5,40,30,150,180,7800,538,1621,0.12,7/9/2023,0,7/9/2023,1347,8,448,235,936,749,541,741,573,720,520,604,119
TUPILIPALEM_B1,8.2,40,20,180,200,7600,480,1555,0.04,7/9/2023,0,7/9/2023,1413,10,613,316,1024,1017,700,933,810,774,551,716,118
TUPILIPALEM_B2,8.4,42,30,150,180,8100,544,1671,0.05,7/9/2023,0,7/9/2023,1298,7,988,606,958,848,625,958,975,1036,665,1028,87
TUPILIPALEM_B3,8,40,0,170,170,7800,488,1561,0.07,7/9/2023,0,7/9/2023,1351,8,736,468,924,708,525,810,928,864,494,927,111
TUPILIPALEM_B4,8.1,40,0,150,150,7600,476,1572,0.06,7/9/2023,0,7/9/2023,1360,7,711,364,956,754,560,851,867,833,528,836,114
TUPILIPALEM_B5,8.3,40,30,140,170,7800,520,1579,0.05,7/9/2023,0,7/9/2023,1377,7,764,521,940,713,505,776,723,825,465,736,122
TUPILIPALEM_B6,8.3,39,30,120,150,7700,502,1566,0.05,7/9/2023,0,7/9/2023,1316,7,526,375,932,758,548,800,786,792,529,690,92
TUPILIPALEM_B7,8.6,40,40,90,130,7800,594,1612,0.04,7/9/2023,0,7/9/2023,1344,8,438,268,952,701,542,659,665,595,501,502,93
TUPILIPALEM_B8,7.7,39,0,120,120,8100,586,603,0.04,7/9/2023,0,7/9/2023,1403,8,744,336,975,800,628,818,738,839,579,797,135
